{"cameraMode":{"drawMode":0,"name":"Shaded","section":"Shading Mode"},"sceneLighting":true,"audioPlay":false,"sceneViewState":{"m_AlwaysRefresh":false,"showFog":true,"showSkybox":true,"showFlares":true,"showImageEffects":true,"showParticleSystems":true,"showVisualEffectGraphs":true,"m_FxEnabled":true},"in2DMode":false,"pivot":{"x":964.7413940429688,"y":616.9625244140625,"z":-491.1910400390625},"rotation":{"x":0.03930136188864708,"y":0.0009367226739414036,"z":-0.00006545666110469028,"w":0.9992548823356628},"size":582.0394287109375,"orthographic":false}