{"cameraMode":{"drawMode":0,"name":"Shaded","section":"Shading Mode"},"sceneLighting":false,"audioPlay":false,"sceneViewState":{"m_AlwaysRefresh":false,"showFog":true,"showSkybox":false,"showFlares":true,"showImageEffects":true,"showParticleSystems":true,"showVisualEffectGraphs":true,"m_FxEnabled":true},"in2DMode":false,"pivot":{"x":-0.1125490665435791,"y":-0.050034791231155398,"z":-0.3805069327354431},"rotation":{"x":-0.1518363207578659,"y":0.5630979537963867,"z":-0.10610947757959366,"w":-0.8053930997848511},"size":3.432356357574463,"orthographic":false}