{"cameraMode":{"drawMode":0,"name":"Shaded","section":"Shading Mode"},"sceneLighting":false,"audioPlay":false,"sceneViewState":{"m_AlwaysRefresh":false,"showFog":true,"showSkybox":false,"showFlares":true,"showImageEffects":true,"showParticleSystems":true,"showVisualEffectGraphs":true,"m_FxEnabled":true},"in2DMode":false,"pivot":{"x":0.15770816802978517,"y":0.09999990463256836,"z":0.08312416076660156},"rotation":{"x":-0.013133687898516655,"y":-0.9015337824821472,"z":0.027309948578476907,"w":-0.43175336718559267},"size":13.273955345153809,"orthographic":false}