{"cameraMode":{"drawMode":0,"name":"Shaded","section":"Shading Mode"},"sceneLighting":false,"audioPlay":false,"sceneViewState":{"m_AlwaysRefresh":false,"showFog":true,"showSkybox":false,"showFlares":true,"showImageEffects":true,"showParticleSystems":true,"showVisualEffectGraphs":true,"m_FxEnabled":true},"in2DMode":false,"pivot":{"x":-0.5856146812438965,"y":0.16111308336257935,"z":-0.4632933735847473},"rotation":{"x":-0.12868835031986237,"y":-0.614764928817749,"z":0.10256120562553406,"w":-0.7713570594787598},"size":0.059627603739500049,"orthographic":false}